,Film,Year,Award,Nomination
1,Everything Everywhere All at Once,2022,7,11
2,All Quiet on the Western Front,2022,4,9
3,The Whale,2022,2,3
4,Top Gun: Maverick,2022,1,6
5,Black Panther: Wakanda Forever,2022,1,5
6,Avatar: The Way of Water,2022,1,4
7,Women Talking,2022,1,2
8,Guillermo del Toro's Pinocchio,2022,1,1
9,Navalny,2022,1,1
10,The Elephant Whisperers,2022,1,1
11,An Irish Goodbye,2022,1,1
12,"The Boy, the Mole, the Fox and the Horse",2022,1,1
13,RRR,2022,1,1
14,CODA,2021,3,3
15,Dune,2021,6,10
16,The Eyes of Tammy Faye,2021,2,2
17,No Time to Die,2021,1,3
18,The Windshield Wiper,2021,1,1
19,The Long Goodbye,2021,1,1
20,The Queen of Basketball,2021,1,1
21,Summer of Soul,2021,1,1
22,Drive My Car,2021,1,4
23,Encanto,2021,1,3
24,West Side Story,2021,1,7
25,Belfast,2021,1,7
26,The Power of the Dog,2021,1,12
27,King Richard,2021,1,6
28,Cruella,2021,1,2
29,Nomadland,2021,3,6
30,The Father,2021,2,6
31,Judas and the Black Messiah,2021,2,6
32,Minari,2021,1,6
33,Mank,2021,2,10
34,Sound of Metal,2021,2,6
35,Ma Rainey's Black Bottom,2021,2,5
36,Promising Young Woman,2021,1,5
37,Tenet,2021,1,2
38,Soul,2021,2,3
39,Another Round,2021,1,2
40,My Octopus Teacher,2021,1,1
41,Colette,2021,1,1
42,If Anything Happens I Love You,2021,1,1
43,Two Distant Strangers,2021,1,1
44,Parasite,2019,4,6
45,Ford v Ferrari,2019,2,4
46,Learning to Skateboard in a Warzone (If You're a Girl),2019,1,1
47,The Neighbors' Window,2019,1,1
48,Little Women,2019,1,6
49,Marriage Story,2019,1,6
50,Jojo Rabbit,2019,1,6
51,Toy Story 4,2019,1,2
52,Joker,2019,2,11
53,Once Upon a Time in Hollywood,2019,2,10
54,1917,2019,3,10
55,Judy,2019,1,2
56,Bombshell,2019,1,3
57,Rocketman,2019,1,1
58,American Factory,2019,1,1
59,Hair Love,2019,1,1
60,Green Book,2018,3,5
61,Bohemian Rhapsody,2018,4,5
62,Roma,2018,3,10
63,Black Panther,2018,3,7
64,The Favourite,2018,1,10
65,A Star Is Born,2018,1,8
66,Vice,2018,1,8
67,BlacKkKlansman,2018,1,6
68,First Man,2018,1,4
69,If Beale Street Could Talk,2018,1,3
70,Bao,2018,1,1
71,Free Solo,2018,1,1
72,Period. End of Sentence.,2018,1,1
73,Skin,2018,1,1
74,Spider-Man: Into the Spider-Verse,2018,1,1
75,The Shape of Water,2017,4,13
76,Dunkirk,2017,3,8
77,"Three Billboards Outside Ebbing, Missouri",2017,2,7
78,Darkest Hour,2017,2,6
79,Blade Runner 2049,2017,2,5
80,Coco,2017,2,2
81,Phantom Thread,2017,1,6
82,Call Me by Your Name,2017,1,4
83,Get Out,2017,1,4
84,"I, Tonya",2017,1,3
85,Dear Basketball,2017,1,1
86,A Fantastic Woman,2017,1,1
87,Heaven Is a Traffic Jam on the 405,2017,1,1
88,Icarus,2017,1,1
89,The Silent Child,2017,1,1
90,Flesh and Sand,2017,1,0
91,Moonlight,2016,3,8
92,La La Land,2016,6,14
93,Hacksaw Ridge,2016,2,6
94,Manchester by the Sea,2016,2,6
95,Arrival,2016,1,8
96,Fences,2016,1,4
97,Fantastic Beasts and Where to Find Them,2016,1,2
98,The Jungle Book,2016,1,1
99,O.J.: Made in America,2016,1,1
100,Piper,2016,1,1
101,The Salesman,2016,1,1
102,Sing,2016,1,1
103,Suicide Squad,2016,1,1
104,The White Helmets,2016,1,1
105,Zootopia,2016,1,1
106,Spotlight,2015,2,6
107,Mad Max: Fury Road,2015,6,10
108,The Revenant,2015,3,12
109,Bridge of Spies,2015,1,6
110,The Big Short,2015,1,5
111,The Danish Girl,2015,1,4
112,Room,2015,1,4
113,The Hateful Eight,2015,1,3
114,Ex Machina,2015,1,2
115,Inside Out,2015,1,2
116,Amy,2015,1,1
117,Bear Story,2015,1,1
118,A Girl in the River: The Price of Forgiveness,2015,1,1
119,Son of Saul,2015,1,1
120,Spectre,2015,1,1
121,Stutterer,2015,1,1
122,Birdman or (The Unexpected Virtue of Ignorance),2014,4,9
123,The Grand Budapest Hotel,2014,4,9
124,Whiplash,2014,3,5
125,The Imitation Game,2014,1,8
126,American Sniper,2014,1,6
127,Boyhood,2014,1,6
128,Interstellar,2014,1,5
129,The Theory of Everything,2014,1,5
130,Ida,2014,1,2
131,Selma,2014,1,2
132,Citizenfour,2014,1,1
133,Big Hero 6,2014,1,1
134,Crisis Hotline: Veterans Press 1,2014,1,1
135,The Phone Call,2014,1,1
136,Still Alice,2014,1,1
137,Feast,2014,1,1
138,12 Years a Slave,2013,3,9
139,Gravity,2013,7,10
140,Dallas Buyers Club,2013,3,6
141,Frozen,2013,2,2
142,The Great Gatsby,2013,2,2
143,Her,2013,1,5
144,Blue Jasmine,2013,1,3
145,Mr Hublot,2013,1,1
146,The Lady in Number 6,2013,1,1
147,Helium,2013,1,1
148,The Great Beauty,2013,1,1
149,20 Feet from Stardom,2013,1,1
150,Argo,2012,3,7
151,Life of Pi,2012,4,11
152,Les Misérables,2012,3,8
153,Lincoln,2012,2,12
154,Django Unchained,2012,2,5
155,Skyfall,2012,2,5
156,Silver Linings Playbook,2012,1,8
157,Zero Dark Thirty,2012,1,5
158,Amour,2012,1,5
159,Anna Karenina,2012,1,4
160,Paperman,2012,1,1
161,Brave,2012,1,1
162,Searching for Sugar Man,2012,1,1
163,Inocente,2012,1,1
164,Curfew,2012,1,1
165,The Artist,2011,5,10
166,Hugo,2011,5,11
167,The Iron Lady,2011,2,2
168,The Descendants,2011,1,5
169,The Girl with the Dragon Tattoo,2011,1,5
170,Midnight in Paris,2011,1,4
171,The Help,2011,1,4
172,A Separation,2011,1,2
173,The Fantastic Flying Books of Mr. Morris Lessmore,2011,1,1
174,The Shore,2011,1,1
175,Undefeated,2011,1,1
176,The Muppets,2011,1,1
177,Saving Face,2011,1,1
178,Beginners,2011,1,1
179,Rango,2011,1,1
180,The King's Speech,2010,4,12
181,Inception,2010,4,8
182,The Social Network,2010,3,8
183,The Fighter,2010,2,7
184,Toy Story 3,2010,2,5
185,Alice in Wonderland,2010,2,3
186,Black Swan,2010,1,5
187,In a Better World,2010,1,1
188,The Lost Thing,2010,1,1
189,God of Love,2010,1,1
190,The Wolfman,2010,1,1
191,Strangers No More,2010,1,1
192,Inside Job,2010,1,1
193,The Hurt Locker,2009,6,9
194,Avatar,2009,3,9
195,Precious,2009,2,6
196,Up,2009,2,5
197,Crazy Heart,2009,2,3
198,Inglourious Basterds,2009,1,8
199,Star Trek,2009,1,4
200,The Young Victoria,2009,1,3
201,The Blind Side,2009,1,2
202,Music by Prudence,2009,1,1
203,The Secret in Their Eyes,2009,1,1
204,The Cove,2009,1,1
205,The New Tenants,2009,1,1
206,Logorama,2009,1,1
207,Slumdog Millionaire,2008,8,10
208,The Curious Case of Benjamin Button,2008,3,13
209,Milk,2008,2,8
210,The Dark Knight,2008,2,8
211,WALL-E,2008,1,6
212,The Reader,2008,1,5
213,The Duchess,2008,1,2
214,Departures,2008,1,1
215,Vicky Cristina Barcelona,2008,1,1
216,Smile Pinki,2008,1,1
217,Man on Wire,2008,1,1
218,Toyland,2008,1,1
219,La Maison en Petits Cubes,2008,1,1
220,No Country for Old Men,2007,4,8
221,The Bourne Ultimatum,2007,3,3
222,There Will Be Blood,2007,2,8
223,La Vie en rose,2007,2,3
224,Atonement,2007,1,7
225,Michael Clayton,2007,1,7
226,Ratatouille,2007,1,5
227,Juno,2007,1,4
228,Sweeney Todd: The Demon Barber of Fleet Street,2007,1,3
229,The Golden Compass,2007,1,2
230,Elizabeth: The Golden Age,2007,1,2
231,Taxi to the Dark Side,2007,1,1
232,Peter &amp; the Wolf,2007,1,1
233,Once,2007,1,1
234,Le Mozart des pickpockets,2007,1,1
235,The Counterfeiters,2007,1,1
236,Freeheld,2007,1,1
237,The Departed,2006,4,5
238,Pan's Labyrinth,2006,3,6
239,Dreamgirls,2006,2,8
240,Little Miss Sunshine,2006,2,4
241,An Inconvenient Truth,2006,2,2
242,Babel,2006,1,7
243,The Queen,2006,1,6
244,Letters from Iwo Jima,2006,1,4
245,Pirates of the Caribbean: Dead Man's Chest,2006,1,4
246,The Danish Poet,2006,1,1
247,Happy Feet,2006,1,1
248,The Last King of Scotland,2006,1,1
249,The Lives of Others,2006,1,1
250,Marie Antoinette,2006,1,1
251,West Bank Story,2006,1,1
252,The Blood of Yingzhou District,2006,1,1
253,Crash,2005,3,6
254,Brokeback Mountain,2005,3,8
255,Memoirs of a Geisha,2005,3,6
256,King Kong,2005,3,4
257,Capote,2005,1,5
258,Walk the Line,2005,1,5
259,The Constant Gardener,2005,1,4
260,"The Chronicles of Narnia: The Lion, the Witch and the Wardrobe",2005,1,3
261,Hustle &amp; Flow,2005,1,2
262,Syriana,2005,1,2
263,March of the Penguins,2005,1,1
264,Six Shooter,2005,1,1
265,The Moon and the Son: An Imagined Conversation,2005,1,1
266,A Note of Triumph: The Golden Age of Norman Corwin,2005,1,1
267,Tsotsi,2005,1,1
268,Wallace &amp; Gromit: The Curse of the Were-Rabbit,2005,1,1
269,Million Dollar Baby,2004,4,7
270,The Aviator,2004,5,11
271,Ray,2004,2,6
272,The Incredibles,2004,2,4
273,Finding Neverland,2004,1,7
274,Sideways,2004,1,5
275,Lemony Snicket's A Series of Unfortunate Events,2004,1,4
276,Spider-Man 2,2004,1,3
277,Eternal Sunshine of the Spotless Mind,2004,1,2
278,The Motorcycle Diaries,2004,1,2
279,The Sea Inside,2004,1,2
280,Born into Brothels,2004,1,1
281,Mighty Times: The Children's March,2004,1,1
282,Wasp,2004,1,1
283,Ryan,2004,1,1
284,The Lord of the Rings: The Return of the King,2003,11,11
285,Master and Commander: The Far Side of the World,2003,2,10
286,Mystic River,2003,2,6
287,Cold Mountain,2003,1,7
288,Lost in Translation,2003,1,4
289,Finding Nemo,2003,1,4
290,The Barbarian Invasions,2003,1,2
291,Two Soldiers,2003,1,1
292,Monster,2003,1,1
293,Harvie Krumpet,2003,1,1
294,Chernobyl Heart,2003,1,1
295,The Fog of War,2003,1,1
296,Chicago,2002,6,13
297,The Pianist,2002,3,7
298,The Lord of the Rings: The Two Towers,2002,2,6
299,Frida,2002,2,6
300,The Hours,2002,1,9
301,Road to Perdition,2002,1,6
302,Adaptation,2002,1,4
303,Talk to Her,2002,1,2
304,This Charming Man,2002,1,1
305,Spirited Away,2002,1,1
306,Nowhere in Africa,2002,1,1
307,The ChubbChubbs!,2002,1,1
308,Twin Towers,2002,1,1
309,Bowling for Columbine,2002,1,1
310,8 Mile,2002,1,1
311,A Beautiful Mind,2001,4,8
312,The Lord of the Rings: The Fellowship of the Ring,2001,4,13
313,Moulin Rouge!,2001,2,8
314,Black Hawk Down,2001,2,4
315,Gosford Park,2001,1,7
316,"Monsters, Inc.",2001,1,4
317,Pearl Harbor,2001,1,4
318,Iris,2001,1,3
319,Shrek,2001,1,2
320,Training Day,2001,1,2
321,Monster's Ball,2001,1,2
322,Thoth,2001,1,1
323,For the Birds,2001,1,1
324,No Man's Land,2001,1,1
325,Murder on a Sunday Morning,2001,1,1
326,The Accountant,2001,1,1
327,Gladiator,2000,5,12
328,"Crouching Tiger, Hidden Dragon",2000,4,10
329,Traffic,2000,4,5
330,Erin Brockovich,2000,1,5
331,Almost Famous,2000,1,4
332,Wonder Boys,2000,1,3
333,How the Grinch Stole Christmas,2000,1,3
334,U-571,2000,1,2
335,Pollock,2000,1,2
336,Father and Daughter,2000,1,1
337,Into the Arms of Strangers: Stories of the Kindertransport,2000,1,1
338,Quiero ser (I want to be...),2000,1,1
339,Big Mama,2000,1,1
340,American Beauty,1999,5,8
341,The Matrix,1999,4,4
342,The Cider House Rules,1999,2,7
343,Topsy-Turvy,1999,2,4
344,Sleepy Hollow,1999,1,3
345,Boys Don't Cry,1999,1,2
346,Tarzan,1999,1,1
347,One Day in September,1999,1,1
348,The Red Violin,1999,1,1
349,The Old Man and the Sea,1999,1,1
350,My Mother Dreams the Satan's Disciples in New York,1999,1,1
351,King Gimp,1999,1,1
352,"Girl, Interrupted",1999,1,1
353,All About My Mother,1999,1,1
354,Shakespeare in Love,1998,7,13
355,Saving Private Ryan,1998,5,11
356,Life Is Beautiful,1998,3,7
357,Elizabeth,1998,1,7
358,Gods and Monsters,1998,1,3
359,The Prince of Egypt,1998,1,2
360,Affliction,1998,1,2
361,What Dreams May Come,1998,1,2
362,The Personals,1998,1,1
363,The Last Days,1998,1,1
364,Election Night,1998,1,1
365,Bunny,1998,1,1
366,Titanic,1997,11,14
367,Good Will Hunting,1997,2,9
368,L.A. Confidential,1997,2,9
369,As Good as It Gets,1997,2,7
370,The Full Monty,1997,1,4
371,Men in Black,1997,1,3
372,Visas and Virtue,1997,1,1
373,Character,1997,1,1
374,Geri's Game,1997,1,1
375,A Story of Healing,1997,1,1
376,The Long Way Home,1997,1,1
377,The English Patient,1996,9,12
378,Fargo,1996,2,7
379,Shine,1996,1,7
380,Evita,1996,1,5
381,Jerry Maguire,1996,1,5
382,Independence Day,1996,1,2
383,Emma,1996,1,2
384,Sling Blade,1996,1,2
385,The Ghost and the Darkness,1996,1,1
386,Kolya,1996,1,1
387,The Nutty Professor,1996,1,1
388,Quest,1996,1,1
389,When We Were Kings,1996,1,1
390,Breathing Lessons: The Life and Work of Mark O'Brien,1996,1,1
391,Dear Diary,1996,1,1
392,Braveheart,1995,5,10
393,Apollo 13,1995,2,9
394,Pocahontas,1995,2,2
395,The Usual Suspects,1995,2,2
396,Restoration,1995,2,2
397,Babe,1995,1,7
398,Sense and Sensibility,1995,1,7
399,Il Postino: The Postman,1995,1,5
400,Dead Man Walking,1995,1,4
401,Leaving Las Vegas,1995,1,4
402,Mighty Aphrodite,1995,1,2
403,Anne Frank Remembered,1995,1,1
404,A Close Shave,1995,1,1
405,Lieberman in Love,1995,1,1
406,One Survivor Remembers,1995,1,1
407,Antonia's Line,1995,1,1
408,Toy Story,1995,0,3
409,Forrest Gump,1994,6,13
410,The Lion King,1994,2,4
411,Speed,1994,2,3
412,Ed Wood,1994,2,2
413,Pulp Fiction,1994,1,7
414,Bullets Over Broadway,1994,1,7
415,The Madness of King George,1994,1,4
416,Legends of the Fall,1994,1,3
417,A Time for Justice,1994,1,1
418,Franz Kafka's It's a Wonderful Life,1994,1,1
419,Maya Lin: A Strong Clear Vision,1994,1,1
420,Burnt by the Sun,1994,1,1
421,Trevor,1994,1,1
422,"The Adventures of Priscilla, Queen of the Desert",1994,1,1
423,Bob's Birthday,1994,1,1
424,Blue Sky,1994,1,1
425,Schindler's List,1993,7,12
426,The Piano,1993,3,8
427,Jurassic Park,1993,3,3
428,Philadelphia,1993,2,5
429,The Fugitive,1993,1,7
430,The Age of Innocence,1993,1,5
431,The Wrong Trousers,1993,1,1
432,Belle Epoque,1993,1,1
433,I Am a Promise: The Children of Stanton Elementary School,1993,1,1
434,Mrs. Doubtfire,1993,1,1
435,Black Rider,1993,1,1
436,Defending Our Lives,1993,1,1
437,Unforgiven,1992,4,9
438,Howards End,1992,3,9
439,Bram Stoker's Dracula,1992,3,4
440,Aladdin,1992,2,5
441,The Crying Game,1992,1,6
442,Scent of a Woman,1992,1,4
443,A River Runs Through It,1992,1,3
444,Indochine,1992,1,2
445,My Cousin Vinny,1992,1,1
446,The Panama Deception,1992,1,1
447,Educating Peter,1992,1,1
448,The Last of the Mohicans,1992,1,1
449,Death Becomes Her,1992,1,1
450,Omnibus,1992,1,1
451,Mona Lisa Descending a Staircase,1992,1,1
452,The Silence of the Lambs,1991,5,7
453,Terminator 2: Judgment Day,1991,4,6
454,Bugsy,1991,2,10
455,JFK,1991,2,8
456,Beauty and the Beast,1991,2,6
457,Thelma &amp; Louise,1991,1,6
458,The Fisher King,1991,1,5
459,In the Shadow of the Stars,1991,1,1
460,Manipulation,1991,1,1
461,Mediterraneo,1991,1,1
462,Session Man,1991,1,1
463,City Slickers,1991,1,1
464,"Deadly Deception: General Electric, Nuclear Weapons and Our Environment",1991,1,1
465,Dances with Wolves,1990,7,12
466,Dick Tracy,1990,3,7
467,Ghost,1990,2,5
468,Goodfellas,1990,1,6
469,The Hunt for Red October,1990,1,3
470,Reversal of Fortune,1990,1,3
471,Cyrano de Bergerac,1990,1,5
472,American Dream,1990,1,1
473,Journey of Hope,1990,1,1
474,Days of Waiting,1990,1,1
475,Creature Comforts,1990,1,1
476,The Lunch Date,1990,1,1
477,Misery,1990,1,1
478,Total Recall,1990,0,2
479,Driving Miss Daisy,1989,4,9
480,Glory,1989,3,5
481,Born on the Fourth of July,1989,2,8
482,My Left Foot,1989,2,5
483,The Little Mermaid,1989,2,3
484,Dead Poets Society,1989,1,4
485,The Abyss,1989,1,4
486,Indiana Jones and the Last Crusade,1989,1,3
487,Henry V,1989,1,3
488,The Johnstown Flood,1989,1,1
489,Common Threads: Stories from the Quilt,1989,1,1
490,Cinema Paradiso,1989,1,1
491,Work Experience,1989,1,1
492,Batman,1989,1,1
493,Balance,1989,1,1
494,Rain Man,1988,4,8
495,Dangerous Liaisons,1988,3,7
496,Who Framed Roger Rabbit,1988,3,6
497,Mississippi Burning,1988,1,7
498,Working Girl,1988,1,6
499,The Accidental Tourist,1988,1,4
500,A Fish Called Wanda,1988,1,3
501,Pelle the Conqueror,1988,1,2
502,The Accused,1988,1,1
503,The Appointments of Dennis Jennings,1988,1,1
504,Beetlejuice,1988,1,1
505,Bird,1988,1,1
506,Hôtel Terminus: The Life and Times of Klaus Barbie,1988,1,1
507,The Milagro Beanfield War,1988,1,1
508,Tin Toy,1988,1,1
509,You Don't Have to Die,1988,1,1
510,The Last Emperor,1987,9,9
511,Moonstruck,1987,3,6
512,The Untouchables,1987,1,4
513,Babette's Feast,1987,1,1
514,Dirty Dancing,1987,1,1
515,Harry and the Hendersons,1987,1,1
516,Innerspace,1987,1,1
517,The Man Who Planted Trees,1987,1,1
518,Ray's Male Heterosexual Dance Hall,1987,1,1
519,The Ten-Year Lunch,1987,1,1
520,Wall Street,1987,1,1
521,Young at Heart,1987,1,1
522,RoboCop,1987,0,2
523,Platoon,1986,4,8
524,A Room with a View,1986,3,8
525,Hannah and Her Sisters,1986,3,7
526,Aliens,1986,2,7
527,The Mission,1986,1,7
528,Children of a Lesser God,1986,1,5
529,The Color of Money,1986,1,4
530,Top Gun,1986,1,4
531,Round Midnight,1986,1,2
532,Artie Shaw: Time Is All You've Got,1986,1,1
533,The Assault,1986,1,1
534,Down and Out in America,1986,1,1
535,The Fly,1986,1,1
536,A Greek Tragedy,1986,1,1
537,Precious Images,1986,1,1
538,"Women – for America, for the World",1986,1,1
539,Out of Africa,1985,7,11
540,Witness,1985,2,8
541,Cocoon,1985,2,2
542,Prizzi's Honor,1985,1,8
543,Back to the Future,1985,1,4
544,Kiss of the Spider Woman,1985,1,4
545,Ran,1985,1,4
546,The Official Story,1985,1,2
547,The Trip to Bountiful,1985,1,2
548,White Nights,1985,1,2
549,Anna &amp; Bella,1985,1,1
550,Broken Rainbow,1985,1,1
551,Mask,1985,1,1
552,Molly's Pilgrim,1985,1,1
553,Witness to War: Dr. Charlie Clements,1985,1,1
554,Amadeus,1984,8,11
555,The Killing Fields,1984,3,7
556,A Passage to India,1984,2,11
557,Places in the Heart,1984,2,7
558,Indiana Jones and the Temple of Doom,1984,1,2
559,Charade,1984,1,1
560,Dangerous Moves,1984,1,1
561,Purple Rain,1984,1,1
562,The Stone Carvers,1984,1,1
563,The Times of Harvey Milk,1984,1,1
564,Up,1984,1,1
565,The Woman in Red,1984,1,1
566,The River,1984,0,4
567,Terms of Endearment,1983,5,11
568,The Right Stuff,1983,4,8
569,Fanny &amp; Alexander,1983,4,6
570,Tender Mercies,1983,2,5
571,Yentl,1983,1,5
572,Flashdance,1983,1,4
573,Boys and Girls,1983,1,1
574,Flamenco at 5:15,1983,1,1
575,He Makes Me Feel Like Dancin',1983,1,1
576,Sundae in New York,1983,1,1
577,The Year of Living Dangerously,1983,1,1
578,Return of the Jedi,1983,0,4
579,Gandhi,1982,8,11
580,E.T.: The Extra-Terrestrial,1982,4,9
581,An Officer and a Gentleman,1982,2,6
582,Tootsie,1982,1,10
583,Victor/Victoria,1982,1,7
584,Sophie's Choice,1982,1,5
585,Missing,1982,1,4
586,If You Love This Planet,1982,1,1
587,Just Another Missing Kid,1982,1,2
588,A Shocking Accident,1982,1,1
589,Tango,1982,1,1
590,To Begin Again,1982,1,1
591,Quest for Fire,1982,1,1
592,Chariots of Fire,1981,4,7
593,Raiders of the Lost Ark,1981,4,8
594,Reds,1981,3,12
595,On Golden Pond,1981,3,10
596,Arthur,1981,2,4
597,An American Werewolf in London,1981,1,1
598,Close Harmony,1981,1,1
599,Crac,1981,1,1
600,Genocide,1981,1,1
601,Mephisto,1981,1,1
602,Violet,1981,1,1
603,Ordinary People,1980,4,6
604,Tess,1980,3,6
605,Raging Bull,1980,2,8
606,Fame,1980,2,6
607,Melvin and Howard,1980,2,3
608,Coal Miner's Daughter,1980,1,7
609,The Empire Strikes Back,1980,1,3
610,The Dollar Bottom,1980,1,1
611,The Fly,1980,1,1
612,From Mao to Mozart: Isaac Stern in China,1980,1,1
613,Karl Hess: Toward Liberty,1980,1,1
614,Moscow Does Not Believe in Tears,1980,1,1
615,Kramer vs. Kramer,1979,5,9
616,All That Jazz,1979,4,9
617,Apocalypse Now,1979,2,8
618,Norma Rae,1979,2,4
619,Breaking Away,1979,1,5
620,Alien,1979,1,2
621,Being There,1979,1,2
622,A Little Romance,1979,1,2
623,Best Boy,1979,1,1
624,Board and Care,1979,1,1
625,Every Child,1979,1,1
626,Paul Robeson: Tribute to an Artist,1979,1,1
627,The Tin Drum,1979,1,1
628,The Black Stallion,1979,0,2
629,The Deer Hunter,1978,5,9
630,Coming Home,1978,3,8
631,Midnight Express,1978,2,6
632,Heaven Can Wait,1978,1,9
633,Days of Heaven,1978,1,4
634,California Suite,1978,1,3
635,The Buddy Holly Story,1978,1,3
636,Death on the Nile,1978,1,1
637,The Flight of the Gossamer Condor,1978,1,1
638,Get Out Your Handkerchiefs,1978,1,1
639,Scared Straight!,1978,1,1
640,Special Delivery,1978,1,1
641,Teenage Father,1978,1,1
642,Thank God It's Friday,1978,1,1
643,Superman,1978,0,3
644,Annie Hall,1977,4,5
645,Star Wars,1977,6,10
646,Julia,1977,3,11
647,Close Encounters of the Third Kind,1977,1,8
648,The Goodbye Girl,1977,1,5
649,A Little Night Music,1977,1,2
650,Gravity Is My Enemy,1977,1,1
651,I'll Find a Way,1977,1,1
652,Madame Rosa,1977,1,1
653,The Sand Castle,1977,1,1
654,Who Are the DeBolts? And Where Did They Get Nineteen Kids?,1977,1,1
655,You Light Up My Life,1977,1,1
656,Rocky,1976,3,10
657,Network,1976,4,10
658,All the President's Men,1976,4,8
659,Bound for Glory,1976,2,6
660,A Star Is Born,1976,1,4
661,Fellini's Casanova,1976,1,2
662,The Omen,1976,1,2
663,Black and White in Color,1976,1,1
664,"Harlan County, USA",1976,1,1
665,In the Region of Ice,1976,1,1
666,Leisure,1976,1,1
667,Number Our Days,1976,1,1
668,King Kong,1976,0,2
669,Logan's Run,1976,0,2
670,One Flew Over the Cuckoo's Nest,1975,5,9
671,Barry Lyndon,1975,4,7
672,Jaws,1975,3,4
673,Dog Day Afternoon,1975,1,6
674,Nashville,1975,1,5
675,Shampoo,1975,1,4
676,The Sunshine Boys,1975,1,4
677,Angel and Big Joe,1975,1,1
678,Dersu Uzala,1975,1,1
679,The End of the Game,1975,1,1
680,Great,1975,1,1
681,The Man Who Skied Down Everest,1975,1,1
682,The Hindenburg,1975,0,3
683,The Godfather: Part II,1974,6,11
684,The Towering Inferno,1974,3,8
685,The Great Gatsby,1974,2,2
686,Chinatown,1974,1,11
687,Murder on the Orient Express,1974,1,6
688,Earthquake,1974,1,4
689,Alice Doesn't Live Here Anymore,1974,1,3
690,Amarcord,1974,1,3
691,Harry and Tonto,1974,1,2
692,Closed Mondays,1974,1,1
693,Don't,1974,1,1
694,Hearts and Minds,1974,1,1
695,One-Eyed Men Are Kings,1974,1,1
696,The Sting,1973,7,10
697,The Exorcist,1973,2,10
698,The Way We Were,1973,2,6
699,Cries and Whispers,1973,1,5
700,A Touch of Class,1973,1,5
701,Day for Night,1973,1,4
702,Paper Moon,1973,1,4
703,The Paper Chase,1973,1,3
704,Save the Tiger,1973,1,3
705,The Bolero,1973,1,1
706,Frank Film,1973,1,1
707,The Great American Cowboy,1973,1,1
708,Princeton: A Search for Answers,1973,1,1
709,The Godfather,1972,3,4
710,Cabaret,1972,8,10
711,The Poseidon Adventure,1972,1,8
712,Travels with My Aunt,1972,1,4
713,Butterflies Are Free,1972,1,3
714,The Candidate,1972,1,2
715,The Discreet Charm of the Bourgeoisie,1972,1,2
716,A Christmas Carol,1972,1,5
717,Limelight,1972,1,6
718,Marjoe,1972,1,1
719,Norman Rockwell's World... An American Dream,1972,1,1
720,This Tiny World,1972,1,1
721,The French Connection,1971,5,8
722,Fiddler on the Roof,1971,3,8
723,The Last Picture Show,1971,2,8
724,Nicholas and Alexandra,1971,2,6
725,Sentinels of Silence,1971,2,2
726,Bedknobs and Broomsticks,1971,1,5
727,Summer of '42,1971,1,4
728,The Garden of the Finzi-Continis,1971,1,2
729,The Hospital,1971,1,2
730,Klute,1971,1,2
731,Shaft,1971,1,2
732,The Crunch Bird,1971,1,1
733,The Hellstrom Chronicle,1971,1,1
734,Patton,1970,7,10
735,Ryan's Daughter,1970,2,4
736,Airport,1970,1,10
737,Love Story,1970,1,7
738,M*A*S*H,1970,1,5
739,Tora! Tora! Tora!,1970,1,5
740,Women in Love,1970,1,4
741,Lovers and Other Strangers,1970,1,3
742,Woodstock,1970,1,3
743,Cromwell,1970,1,2
744,Investigation of a Citizen Above Suspicion,1970,1,2
745,Interviews with My Lai Veterans,1970,1,1
746,Is It Always Right to Be Right?,1970,1,1
747,Let It Be,1970,1,1
748,The Resurrection of Broncho Billy,1970,1,1
749,Midnight Cowboy,1969,3,7
750,Butch Cassidy and the Sundance Kid,1969,4,7
751,"Hello, Dolly!",1969,3,7
752,Z,1969,2,5
753,Anne of the Thousand Days,1969,1,10
754,"They Shoot Horses, Don't They?",1969,1,9
755,Marooned,1969,1,3
756,The Magic Machines,1969,1,2
757,The Prime of Miss Jean Brodie,1969,1,2
758,True Grit,1969,1,2
759,Arthur Rubinstein – The Love of Life,1969,1,1
760,Cactus Flower,1969,1,1
761,Czechoslovakia 1968,1969,1,1
762,It's Tough to Be a Bird,1969,1,1
763,Oliver!,1968,5,11
764,The Lion in Winter,1968,3,7
765,Romeo and Juliet,1968,2,4
766,Funny Girl,1968,1,8
767,2001: A Space Odyssey,1968,1,4
768,Bullitt,1968,1,2
769,The Producers,1967,1,2
770,Rosemary's Baby,1968,1,2
771,The Subject Was Roses,1968,1,2
772,The Thomas Crown Affair,1968,1,2
773,War and Peace,1968,1,2
774,Charly,1968,1,1
775,Journey into Self,1968,1,1
776,Robert Kennedy Remembered,1968,1,1
777,Why Man Creates,1968,1,1
778,Winnie the Pooh and the Blustery Day,1968,1,1
779,Planet of the Apes,1968,0,2
780,In the Heat of the Night,1967,5,7
781,Camelot,1967,3,5
782,Bonnie and Clyde,1967,2,10
783,Guess Who's Coming to Dinner,1967,2,10
784,Doctor Dolittle,1967,2,9
785,The Graduate,1967,1,7
786,Thoroughly Modern Millie,1967,1,7
787,Cool Hand Luke,1967,1,4
788,The Dirty Dozen,1967,1,4
789,A Place to Stand,1967,1,2
790,The Anderson Platoon,1967,1,1
791,The Box,1967,1,1
792,Closely Watched Trains,1967,1,1
793,The Redwoods,1967,1,1
794,A Man for All Seasons,1966,6,8
795,Who's Afraid of Virginia Woolf?,1966,5,13
796,Grand Prix,1966,3,3
797,Fantastic Voyage,1966,2,5
798,A Man and a Woman,1966,2,4
799,Born Free,1966,2,2
800,The Fortune Cookie,1966,1,4
801,A Funny Thing Happened on the Way to the Forum,1966,1,1
802,A Herb Alpert and the Tijuana Brass Double Feature,1966,1,1
803,The War Game,1966,1,1
804,Wild Wings,1966,1,1
805,A Year Toward Tomorrow,1966,1,1
806,The Sound of Music,1965,5,10
807,Doctor Zhivago,1965,5,10
808,Darling,1965,3,5
809,Ship of Fools,1965,2,8
810,Cat Ballou,1965,1,5
811,The Great Race,1965,1,5
812,A Patch of Blue,1965,1,5
813,A Thousand Clowns,1965,1,4
814,The Shop on Main Street,1965,1,2
815,The Sandpiper,1965,1,1
816,The Eleanor Roosevelt Story,1965,1,1
817,To Be Alive!,1965,1,1
818,7 Faces of Dr. Lao,1964,0,1
819,7th Heaven,1928,3,5
820,"20,000 Leagues Under the Sea",1954,2,3
821,Adventures of Don Juan,1949,1,2
822,The Adventures of Robin Hood,1938,3,4
823,The African Queen,1951,1,4
824,Air Force,1943,1,4
825,The Alamo,1960,1,7
826,The Alaskan Eskimo,1953,1,1
827,Albert Schweitzer,1957,1,1
828,Alexander's Ragtime Band,1938,1,6
829,All About Eve,1950,6,14
830,All Quiet on the Western Front,1930,2,4
831,All That Money Can Buy,1941,1,2
832,All the King's Men,1949,3,7
833,Ama Girls,1958,1,1
834,America America,1963,1,4
835,An American in Paris,1951,6,8
836,Amphibious Fighters,1943,1,1
837,Anastasia,1956,1,2
838,Anchors Aweigh,1945,1,5
839,Anna and the King of Siam,1946,2,5
840,Annie Get Your Gun,1950,1,4
841,Anthony Adverse,1936,4,7
842,The Apartment,1960,5,10
843,Aquatic House Party,1949,1,1
844,"Arise, My Love",1940,1,4
845,Around the World in 80 Days,1956,5,8
846,The Awful Truth,1937,1,6
847,The Bachelor and the Bobby-Soxer,1947,1,1
848,The Bad and the Beautiful,1952,5,6
849,Bad Girl,1932,2,3
850,The Barefoot Contessa,1954,1,2
851,The Battle of Midway,1942,1,1
852,Battleground,1949,2,6
853,Bear Country,1953,1,1
854,Becket,1964,1,12
855,The Bells of St. Mary's,1945,1,8
856,Ben-Hur,1959,11,12
857,Benjy,1951,1,1
858,The Bespoke Overcoat,1956,1,1
859,The Best Years of Our Lives,1946,7,8
860,Beyond the Line of Duty,1942,1,1
861,Bicycle Thieves,1949,0,1
862,The Big Broadcast of 1938,1938,1,1
863,The Big Country,1958,1,2
864,The Big House,1930,2,4
865,Bill and Coo,1948,0,0
866,Birds Anonymous,1957,1,1
867,The Bishop's Wife,1947,1,5
868,Black Fox: The Rise and Fall of Adolf Hitler,1962,1,1
869,Black Narcissus,1947,2,2
870,Black Orpheus,1959,1,1
871,The Black Swan,1942,1,3
872,Blithe Spirit,1946,1,1
873,Blood and Sand,1941,1,2
874,Blood on the Sun,1945,1,1
875,Blossoms in the Dust,1941,1,4
876,Body and Soul,1947,1,3
877,Bored of Education,1936,1,1
878,Born Yesterday,1950,1,5
879,A Boy and His Dog,1946,1,1
880,Boys Town,1938,2,5
881,The Brave One,1956,1,3
882,Breakfast at Tiffany's,1961,2,5
883,Breaking the Sound Barrier,1952,1,2
884,The Bridge of San Luis Rey,1929,1,1
885,The Bridge on the River Kwai,1957,7,8
886,The Bridges at Toko-Ri,1955,1,2
887,Broadway Melody of 1936,1935,1,3
888,The Broadway Melody,1929,1,3
889,Broken Lance,1954,1,2
890,Busy Little Bears,1939,1,1
891,BUtterfield 8,1960,1,2
892,Calamity Jane,1953,1,3
893,Call Me Madam,1953,1,2
894,"Captain Carey, U.S.A.",1950,1,1
895,Captains Courageous,1937,1,4
896,Casablanca,1943,3,8
897,Casals Conducts: 1964,1964,1,1
898,The Cat Concerto,1946,1,1
899,Cavalcade,1933,3,4
900,Chagall,1963,1,1
901,The Champ,1932,2,4
902,Champion,1949,1,6
903,A Chance to Live,1949,1,1
904,The Charge of the Light Brigade,1936,1,3
905,The Chicken,1965,1,1
906,Churchill's Island,1941,1,1
907,Cimarron,1931,3,7
908,The Circus,1928,0,0
909,Citizen Kane,1941,1,9
910,City of Wax,1934,1,1
911,Cleopatra,1934,1,5
912,Cleopatra,1963,4,9
913,Climbing the Matterhorn,1947,1,1
914,Come and Get It,1936,1,2
915,"Come Back, Little Sheba",1952,1,3
916,Coquette,1929,1,1
917,The Country Cousin,1936,1,1
918,The Country Girl,1954,2,7
919,Cover Girl,1944,1,5
920,The Cowboy and the Lady,1938,1,3
921,Crash Dive,1943,1,1
922,Crashing the Water Barrier,1956,1,1
923,The Critic,1963,1,1
924,La Cucaracha,1934,1,1
925,Cyrano de Bergerac,1950,1,1
926,A Damsel in Distress,1937,1,2
927,Dangerous,1935,1,1
928,The Dark Angel,1935,1,3
929,The Dawn Patrol,1931,1,1
930,Day of the Painter,1960,1,1
931,Daybreak in Udi,1949,1,1
932,Days of Wine and Roses,1962,1,5
933,December 7th,1943,1,1
934,Declaration of Independence,1938,1,1
935,The Defiant Ones,1958,2,9
936,Der Fuehrer's Face,1942,1,1
937,Desert Victory,1943,1,1
938,Design for Death,1947,1,1
939,Designing Woman,1957,1,1
940,Destination Moon,1950,1,2
941,The Diary of Anne Frank,1959,3,8
942,Disraeli,1930,1,3
943,The Divine Lady,1929,1,3
944,Divorce Italian Style,1962,1,3
945,The Divorcee,1930,1,4
946,Dodsworth,1936,1,7
947,The Dot and the Line,1965,1,1
948,A Double Life,1947,2,4
949,The Dove,1928,1,1
950,Dr. Jekyll and Mr. Hyde,1932,1,3
951,Dumbo,1941,1,2
952,Dylan Thomas,1962,1,1
953,East of Eden,1955,1,4
954,Easter Parade,1948,1,1
955,Elmer Gantry,1960,3,5
956,The Enemy Below,1957,1,1
957,Eskimo,1934,1,1
958,Exodus,1960,1,3
959,The Face of Lincoln,1955,1,2
960,Facing Your Danger,1946,1,1
961,The Facts of Life,1960,1,5
962,Fantasia,1940,0,0
963,A Farewell to Arms,1933,2,4
964,The Farmer's Daughter,1947,1,2
965,Father Goose,1964,1,3
966,Federico Fellini's 8½,1963,2,5
967,Ferdinand the Bull,1938,1,1
968,The Fighting Lady,1944,1,1
969,First Steps,1947,1,1
970,Flowers and Trees,1932,1,1
971,Folies Bergere,1935,1,1
972,For Scent-imental Reasons,1949,1,1
973,For Whom the Bell Tolls,1943,1,9
974,Forbidden Games,1952,0,1
975,,1961,0,0
976,A Free Soul,1931,1,3
977,Frenchman's Creek,1945,1,1
978,From Here to Eternity,1953,8,13
979,The Garden of Allah,1936,0,2
980,Gaslight,1944,2,7
981,Gate of Hell,1954,1,1
982,The Gay Divorcee,1934,1,5
983,Gentleman's Agreement,1947,3,8
984,Gerald McBoing-Boing,1950,1,1
985,Giant,1956,1,10
986,Gigi,1958,9,9
987,Giuseppina,1960,1,1
988,Give Me Liberty,1936,1,1
989,Glass,1959,1,1
990,The Glenn Miller Story,1954,1,3
991,Going My Way,1944,7,10
992,Gold Diggers of 1935,1935,1,2
993,The Golden Fish,1959,1,1
994,Goldfinger,1964,1,1
995,Gone with the Wind,1939,8,13
996,The Good Earth,1937,2,5
997,"Goodbye, Miss Turlock",1947,1,1
998,"Goodbye, Mr. Chips",1939,1,7
999,Grand Canyon,1958,1,1
1000,Grand Hotel,1932,1,1
1001,Grandad of Races,1950,1,1
1002,The Grapes of Wrath,1940,2,7
1003,The Great Caruso,1951,1,3
1004,Great Expectations,1947,2,5
1005,The Great Lie,1941,1,1
1006,The Great McGinty,1940,1,1
1007,The Great Waltz,1938,1,3
1008,The Great Ziegfeld,1936,3,7
1009,The Greatest Show on Earth,1952,2,5
1010,Green Dolphin Street,1947,1,4
1011,The Guns of Navarone,1961,1,7
1012,Hamlet,1948,4,7
1013,Happy Anniversary,1962,1,1
1014,Harvey,1950,1,2
1015,The Harvey Girls,1946,1,2
1016,Heavenly Music,1943,1,1
1017,The Heiress,1949,4,8
1018,Helen Keller in Her Story,1955,1,1
1019,"Hello, Frisco, Hello",1943,1,2
1020,Henry V,1946,0,4
1021,Here Comes Mr. Jordan,1941,2,7
1022,Here Comes the Groom,1951,1,2
1023,The High and the Mighty,1954,1,6
1024,High Noon,1952,4,7
1025,Hitler Lives,1945,1,1
1026,A Hole in the Head,1959,1,1
1027,The Hole,1962,1,1
1028,Holiday Inn,1942,1,3
1029,The Horse with the Flying Tail,1960,1,1
1030,The House I Live In,1945,0,0
1031,The House on 92nd Street,1945,1,1
1032,How Green Was My Valley,1941,5,10
1033,How the West Was Won,1963,3,8
1034,How to Sleep,1935,1,1
1035,Hud,1963,3,7
1036,The Human Comedy,1943,1,5
1037,The Hurricane,1937,1,3
1038,The Hustler,1961,2,9
1039,I Want to Live!,1958,1,6
1040,I Wanted Wings,1941,1,1
1041,I Won't Play,1944,1,1
1042,I'll Cry Tomorrow,1955,1,4
1043,In Beaver Valley,1950,1,1
1044,In Old Arizona,1929,1,5
1045,In Old Chicago,1937,2,6
1046,In Which We Serve,1942,0,2
1047,The Informer,1935,4,6
1048,Interrupted Melody,1955,1,3
1049,The Invaders,1942,1,3
1050,Irma la Douce,1963,1,3
1051,It Happened One Night,1934,5,5
1052,"It's a Mad, Mad, Mad, Mad World",1963,1,6
1053,The Jazz Singer,1928,0,1
1054,Jezebel,1938,2,5
1055,Joan of Arc,1948,2,7
1056,Johann Mouse,1952,1,1
1057,Johnny Belinda,1948,1,12
1058,Johnny Eager,1942,1,1
1059,The Joker Is Wild,1957,1,1
1060,The Jolson Story,1946,2,6
1061,Judgment at Nuremberg,1961,2,11
1062,Julius Caesar,1953,1,5
1063,Kentucky,1938,1,1
1064,Key Largo,1948,1,1
1065,The King and I,1956,5,9
1066,King of Jazz,1930,1,1
1067,King Solomon's Mines,1950,2,3
1068,Kitty Foyle,1940,1,5
1069,Knighty Knight Bugs,1958,1,1
1070,Kokoda Front Line!,1942,1,1
1071,Kon-Tiki,1950,1,1
1072,Krakatoa,1933,1,1
1073,Kukan,1941,0,0
1074,La Strada,1956,1,2
1075,La Dolce Vita,1961,1,4
1076,Lady Be Good,1941,1,1
1077,The Last Command,1928,1,2
1078,Laura,1944,1,5
1079,The Lavender Hill Mob,1952,1,2
1080,Lawrence of Arabia,1962,7,10
1081,Leave Her to Heaven,1945,1,4
1082,Lend a Paw,1941,1,1
1083,Les Girls,1957,1,3
1084,A Letter to Three Wives,1949,2,3
1085,The Life of Emile Zola,1937,3,10
1086,Light in the Window,1952,1,1
1087,Lili,1953,1,6
1088,Lilies of the Field,1963,1,5
1089,The Little Kidnappers,1954,0,0
1090,The Little Orphan,1948,1,1
1091,Little Women,1933,1,3
1092,Little Women,1949,1,2
1093,The Lives of a Bengal Lancer,1935,1,7
1094,The Living Desert,1953,1,1
1095,The Longest Day,1962,2,5
1096,Lost Horizon,1937,2,7
1097,The Lost Weekend,1945,4,7
1098,Love Is a Many-Splendored Thing,1955,3,8
1099,Love Me or Leave Me,1955,1,6
1100,Lust for Life,1956,1,4
1101,Magoo's Puddle Jumper,1956,1,1
1102,Main Street on the March!,1941,1,1
1103,The Man Who Knew Too Much,1956,1,1
1104,Manhattan Melodrama,1934,1,1
1105,Marie-Louise,1945,1,1
1106,Marty,1955,4,8
1107,Mary Poppins,1964,5,13
1108,Men Against the Arctic,1955,1,1
1109,The Merry Widow,1934,1,1
1110,A Midsummer Night's Dream,1935,2,7
1111,Mighty Joe Young,1949,1,1
1112,Mildred Pierce,1945,1,6
1113,The Milky Way,1940,1,1
1114,Min and Bill,1931,1,1
1115,Miracle on 34th Street,1947,3,4
1116,The Miracle Worker,1962,2,5
1117,Mister Roberts,1955,1,3
1118,Monsieur Vincent,1948,0,0
1119,Moonbird,1959,1,1
1120,The More the Merrier,1943,1,6
1121,Morning Glory,1933,1,1
1122,Moscow Strikes Back,1942,1,1
1123,Mother Wore Tights,1947,1,3
1124,Moulin Rouge,1952,2,7
1125,Mouse Trouble,1944,1,1
1126,Mr. Deeds Goes to Town,1936,1,5
1127,Mr. Smith Goes to Washington,1939,1,11
1128,Mrs. Miniver,1942,6,12
1129,Munro,1960,1,1
1130,The Music Box,1932,1,1
1131,The Music Man,1962,1,6
1132,Mutiny on the Bounty,1935,1,8
1133,My Fair Lady,1964,8,12
1134,My Uncle,1958,1,1
1135,My Gal Sal,1942,1,2
1136,The Naked City,1948,2,3
1137,National Velvet,1945,2,5
1138,Nature's Half Acre,1951,1,1
1139,Naughty Marietta,1935,1,2
1140,Neighbours,1952,1,2
1141,Neptune's Daughter,1949,1,1
1142,Never on Sunday,1960,1,5
1143,The Night of the Iguana,1964,1,4
1144,Nights of Cabiria,1957,1,1
1145,Nine from Little Rock,1964,1,1
1146,None But the Lonely Heart,1944,1,4
1147,North West Mounted Police,1940,1,5
1148,"Now, Voyager",1942,1,3
1149,An Occurrence at Owl Creek Bridge,1963,1,1
1150,Of Pups and Puzzles,1941,1,1
1151,Oklahoma!,1955,2,4
1152,The Old Man and the Sea,1958,1,3
1153,The Old Mill,1937,1,1
1154,On the Town,1949,1,1
1155,On the Waterfront,1954,8,12
1156,One Hundred Men and a Girl,1937,1,5
1157,One Night of Love,1934,2,6
1158,One Way Passage,1933,1,1
1159,Overture to The Merry Wives of Windsor,1953,1,1
1160,The Paleface,1948,1,1
1161,Panic in the Streets,1950,1,1
1162,Papa's Delicate Condition,1963,1,1
1163,The Patriot,1929,1,5
1164,Penny Wisdom,1937,1,1
1165,Phantom of the Opera,1943,2,4
1166,The Philadelphia Story,1940,2,6
1167,Picnic,1955,2,6
1168,The Picture of Dorian Gray,1945,1,3
1169,Pillow Talk,1959,1,5
1170,The Pink Phink,1964,1,1
1171,Pinocchio,1940,2,2
1172,A Place in the Sun,1951,6,9
1173,Plymouth Adventure,1952,1,1
1174,Pollyanna,1960,0,0
1175,Porgy and Bess,1959,1,4
1176,Portrait of Jennie,1948,1,2
1177,Prelude to War,1942,1,1
1178,Pride and Prejudice,1940,1,1
1179,The Pride of the Yankees,1942,1,11
1180,Princess O'Rourke,1943,1,1
1181,The Private Life of Henry VIII,1933,1,2
1182,The Private Life of the Gannets,1937,1,1
1183,Project Hope,1961,1,1
1184,The Public Pays,1936,1,1
1185,Pygmalion,1938,1,4
1186,Quicker'n a Wink,1940,1,1
1187,The Quiet Man,1952,2,7
1188,Quiet Please!,1945,1,1
1189,The Rains Came,1939,1,8
1190,Rashomon,1951,0,1
1191,The Razor's Edge,1946,1,4
1192,Reap the Wild Wind,1942,1,3
1193,Rebecca,1940,2,11
1194,The Red Balloon,1956,1,1
1195,The Red Shoes,1948,2,5
1196,The Robe,1953,2,5
1197,Robert Frost: A Lover's Quarrel with the World,1963,1,1
1198,Roman Holiday,1953,3,10
1199,Room at the Top,1959,2,6
1200,The Rose Tattoo,1955,3,8
1201,Sabrina,1954,1,6
1202,Samson and Delilah,1950,2,5
1203,Samurai I: Musashi Miyamoto,1955,0,0
1204,San Francisco,1936,1,6
1205,Sayonara,1957,4,10
1206,The Scoundrel,1935,1,1
1207,The Sea Around Us,1952,1,1
1208,Seal Island,1948,1,1
1209,The Search,1948,1,4
1210,Seawards the Great Ships,1961,1,1
1211,The Secret Land,1948,1,1
1212,Seeds of Destiny,1946,1,1
1213,Separate Tables,1958,2,7
1214,Serengeti Shall Not Die,1959,1,1
1215,Sergeant York,1941,2,11
1216,Seven Brides for Seven Brothers,1954,1,5
1217,Seven Days to Noon,1951,1,1
1218,The Seventh Veil,1946,1,1
1219,Shane,1953,1,6
1220,Shanghai Express,1932,1,3
1221,She Wore a Yellow Ribbon,1949,1,1
1222,Shoeshine,1947,0,1
1223,The Silent World,1956,1,1
1224,The Sin of Madelon Claudet,1932,1,1
1225,Since You Went Away,1944,1,9
1226,Skippy,1931,1,4
1227,Sky Above and Mud Beneath,1961,1,1
1228,The Snake Pit,1948,1,6
1229,Snow White and the Seven Dwarfs,1937,0,1
1230,So Much for So Little,1949,1,1
1231,So This Is Harris!,1933,1,1
1232,The Solid Gold Cadillac,1956,1,2
1233,Some Like It Hot,1959,1,6
1234,Somebody Up There Likes Me,1956,2,3
1235,The Song of Bernadette,1943,4,12
1236,Song of the South,1947,1,2
1237,Song Without End,1960,1,1
1238,Sons and Lovers,1960,1,7
1239,Sons of Liberty,1939,1,1
1240,South Pacific,1958,1,3
1241,Spartacus,1960,4,6
1242,Spawn of the North,1938,0,0
1243,Speaking of Animals and Their Families,1942,1,1
1244,Speedy Gonzales,1955,1,1
1245,Spellbound,1945,1,6
1246,Splendor in the Grass,1961,1,2
1247,Stagecoach,1939,2,7
1248,Stairway to Light,1945,1,1
1249,Stalag 17,1953,1,3
1250,Star in the Night,1945,1,1
1251,A Star Is Born,1937,1,7
1252,State Fair,1945,1,2
1253,The Story of Louis Pasteur,1936,3,4
1254,The Stratton Story,1949,1,1
1255,Street Angel,1928,1,3
1256,A Streetcar Named Desire,1951,4,12
1257,Strike Up the Band,1940,1,3
1258,The Substitute,1961,1,1
1259,Sundays and Cybele,1962,1,3
1260,Sunrise,1928,3,9
1261,Sunset Boulevard,1950,3,11
1262,Survival City,1955,1,1
1263,Suspicion,1941,1,3
1264,Sweet Bird of Youth,1962,1,3
1265,Sweethearts,1938,0,2
1266,Swing Time,1936,1,2
1267,Symphony of a City,1948,1,1
1268,Tabu,1931,1,1
1269,Target for Tonight,1941,0,0
1270,"Teddy, the Rough Rider",1940,1,1
1271,Tempest,1928,1,1
1272,The Ten Commandments,1956,1,7
1273,That Hamilton Woman,1941,1,4
1274,That Mothers Might Live,1938,1,1
1275,The Thief of Bagdad,1940,3,4
1276,The Third Man,1950,1,3
1277,Thirty Seconds Over Tokyo,1944,1,2
1278,This Above All,1942,1,4
1279,This Is the Army,1943,1,3
1280,This Land Is Mine,1943,1,1
1281,This Mechanical Age,1954,1,1
1282,Three Coins in the Fountain,1954,2,3
1283,The Three Faces of Eve,1957,1,1
1284,Three Little Pigs,1933,1,1
1285,Three Orphan Kittens,1935,1,1
1286,Through a Glass Darkly,1961,1,2
1287,Thunderball,1965,1,1
1288,Thursday's Children,1954,1,1
1289,The Time Machine,1960,1,1
1290,A Time Out of War,1954,1,1
1291,Tin Pan Alley,1940,1,1
1292,The Titan: Story of Michelangelo,1950,1,1
1293,Titanic,1953,1,2
1294,To Catch a Thief,1955,1,3
1295,To Each His Own,1946,1,2
1296,To Kill a Mockingbird,1962,3,8
1297,Tom Jones,1963,4,10
1298,tom thumb,1958,1,1
1299,"Toot, Whistle, Plunk and Boom",1953,1,1
1300,Topkapi,1964,1,1
1301,The Tortoise and the Hare,1934,1,1
1302,Torture Money,1937,1,1
1303,Toward Independence,1948,1,1
1304,Transatlantic,1932,1,1
1305,The Treasure of the Sierra Madre,1948,3,4
1306,A Tree Grows in Brooklyn,1945,1,2
1307,The True Glory,1945,1,1
1308,The True Story of the Civil War,1956,1,1
1309,Tweetie Pie,1947,1,1
1310,Twelve O'Clock High,1949,2,4
1311,Two Arabian Knights,1928,1,1
1312,The Two Mouseketeers,1951,1,1
1313,Two Women,1961,1,1
1314,The Ugly Duckling,1939,1,1
1315,Underworld,1928,1,1
1316,The V.I.P.s,1963,1,1
1317,Vacation from Marriage,1946,1,1
1318,Van Gogh,1949,1,1
1319,The Vanishing Prairie,1954,1,1
1320,The Virgin Spring,1960,1,2
1321,Viva Villa!,1934,1,4
1322,Viva Zapata!,1952,1,5
1323,Waikiki Wedding,1937,1,2
1324,The Walls of Malapaga,1950,0,0
1325,The War of the Worlds,1953,1,3
1326,Watch on the Rhine,1943,1,4
1327,Water Birds,1952,1,1
1328,The Way of All Flesh,1928,1,1
1329,West Side Story,1961,10,11
1330,The Westerner,1940,1,3
1331,The Wetback Hound,1957,1,1
1332,What Ever Happened to Baby Jane?,1962,1,5
1333,When Tomorrow Comes,1939,1,1
1334,When Magoo Flew,1954,1,1
1335,When Worlds Collide,1951,1,2
1336,White Shadows in the South Seas,1929,1,1
1337,White Wilderness,1958,1,2
1338,Who's Who in Animal Land,1944,1,1
1339,Why Korea?,1950,1,1
1340,Wilson,1944,5,10
1341,Wings,1928,2,2
1342,Wings Over Everest,1935,1,1
1343,With a Song in My Heart,1952,1,5
1344,With Byrd at the South Pole,1930,1,1
1345,With the Marines at Tarawa,1944,1,1
1346,The Wizard of Oz,1939,2,10
1347,Woman of the Year,1942,1,2
1348,Wonder Man,1945,1,4
1349,The Wonderful World of the Brothers Grimm,1962,1,4
1350,World of Kids,1951,1,1
1351,World Without Sun,1964,1,1
1352,Wrestling Swordfish,1932,1,1
1353,Written on the Wind,1956,1,3
1354,Wuthering Heights,1939,1,8
1355,Yankee Doodle Dandy,1942,3,8
1356,The Yankee Doodle Mouse,1943,1,1
1357,The Yearling,1946,2,7
1358,"Yesterday, Today and Tomorrow",1964,1,1
1359,You Can't Take It with You,1938,2,7
1360,Zorba the Greek,1964,3,7